<?xml version="1.0" encoding="UTF-8"?>
<facelet-taglib 
    xmlns="http://java.sun.com/xml/ns/javaee"
    xmlns:xsi="http://www.w3.org/2001/XMLSchema-instance"
    xsi:schemaLocation="http://java.sun.com/xml/ns/javaee http://java.sun.com/xml/ns/javaee/web-facelettaglibrary_2_0.xsd"
    version="2.0">
    <namespace>http://unnoba.edu.ar/poo2017/functions</namespace>

    <function>
        <function-name>textFormat</function-name>
        <function-class>ar.edu.unnoba.poo2017.tpfinal_poo2017.bundle.Functions</function-class>
        <function-signature>java.lang.String textFormat(java.lang.String, java.lang.Object)</function-signature>
    </function>
    
    <function>
        <function-name>textFormat2</function-name>
        <function-class>ar.edu.unnoba.poo2017.tpfinal_poo2017.bundle.Functions</function-class>
        <function-signature>java.lang.String textFormat2(java.lang.String, java.lang.Object, java.lang.Object)</function-signature>
    </function>
    
    <function>
        <function-name>textFormat3</function-name>
        <function-class>ar.edu.unnoba.poo2017.tpfinal_poo2017.bundle.Functions</function-class>
        <function-signature>java.lang.String textFormat3(java.lang.String, java.lang.Object, java.lang.Object, java.lang.Object)</function-signature>
    </function>
    
    <function>
        <function-name>textFormat4</function-name>
        <function-class>ar.edu.unnoba.poo2017.tpfinal_poo2017.bundle.Functions</function-class>
        <function-signature>java.lang.String textFormat4(java.lang.String, java.lang.Object, java.lang.Object, java.lang.Object, java.lang.Object)</function-signature>
    </function>
    
    <function>
        <function-name>textFormatCollection</function-name>
        <function-class>ar.edu.unnoba.poo2017.tpfinal_poo2017.bundle.Functions</function-class>
        <function-signature>java.lang.String textFormatCollection(java.lang.String, java.util.Collection)</function-signature>
    </function>
</facelet-taglib>